{
    "run_id": "run_20260320_101811",
    "timestamp": "2026-03-20T10:18:11.363084",
    "test_accuracy": 0.8705882352941177,
    "classification_report": {
        "1": {
            "precision": 0.8939393939393939,
            "recall": 0.9365079365079365,
            "f1-score": 0.9147286821705426,
            "support": 63.0
        },
        "2": {
            "precision": 0.7894736842105263,
            "recall": 0.6818181818181818,
            "f1-score": 0.7317073170731707,
            "support": 22.0
        },
        "accuracy": 0.8705882352941177,
        "macro avg": {
            "precision": 0.8417065390749601,
            "recall": 0.8091630591630592,
            "f1-score": 0.8232179996218567,
            "support": 85.0
        },
        "weighted avg": {
            "precision": 0.8669012102448636,
            "recall": 0.8705882352941177,
            "f1-score": 0.8673584464982816,
            "support": 85.0
        }
    },
    "feature_importances": {
        "height": 0.34996910743152837,
        "weight": 0.2059350342458235,
        "fb_friends": 0.10243355945396738,
        "self_intro": 0.08954618898668137,
        "iq": 0.07657743795578707,
        "yt": 0.07258889081436715,
        "star_sign": 0.05561531752067283,
        "sleepiness": 0.030377345393372425,
        "phone_os": 0.016957118197799888
    },
    "cv_mean_accuracy": 0.8788770053475936,
    "cv_std_accuracy": 0.03793578599304299,
    "cv_mean_f1_macro": 0.819943190098018
}