{
    "run_id": "run_20260320_114148",
    "timestamp": "2026-03-20T11:41:48.571608",
    "test_accuracy": 0.8941176470588236,
    "classification_report": {
        "0": {
            "precision": 0.921875,
            "recall": 0.9365079365079365,
            "f1-score": 0.9291338582677166,
            "support": 63.0
        },
        "1": {
            "precision": 0.8095238095238095,
            "recall": 0.7727272727272727,
            "f1-score": 0.7906976744186046,
            "support": 22.0
        },
        "accuracy": 0.8941176470588236,
        "macro avg": {
            "precision": 0.8656994047619048,
            "recall": 0.8546176046176046,
            "f1-score": 0.8599157663431606,
            "support": 85.0
        },
        "weighted avg": {
            "precision": 0.8927958683473389,
            "recall": 0.8941176470588236,
            "f1-score": 0.8933033165655935,
            "support": 85.0
        }
    },
    "feature_importances": {
        "height": 0.3987605434762279,
        "weight": 0.22342177375863426,
        "fb_friends": 0.08816977371316453,
        "self_intro": 0.08679717967182256,
        "iq": 0.06870648736780424,
        "yt": 0.053517520145362575,
        "star_sign": 0.04530863770064012,
        "sleepiness": 0.023898508693236335,
        "phone_os": 0.0114195754731074
    },
    "cv_mean_accuracy": 0.8729055258467024,
    "cv_std_accuracy": 0.04165215128406837,
    "cv_mean_f1_macro": 0.8220763642675408
}