{
    "run_id": "run_20260320_114056",
    "timestamp": "2026-03-20T11:40:56.444668",
    "test_accuracy": 0.8823529411764706,
    "classification_report": {
        "0": {
            "precision": 0.9076923076923077,
            "recall": 0.9365079365079365,
            "f1-score": 0.921875,
            "support": 63.0
        },
        "1": {
            "precision": 0.8,
            "recall": 0.7272727272727273,
            "f1-score": 0.7619047619047619,
            "support": 22.0
        },
        "accuracy": 0.8823529411764706,
        "macro avg": {
            "precision": 0.8538461538461539,
            "recall": 0.8318903318903319,
            "f1-score": 0.8418898809523809,
            "support": 85.0
        },
        "weighted avg": {
            "precision": 0.8798190045248869,
            "recall": 0.8823529411764706,
            "f1-score": 0.8804709383753501,
            "support": 85.0
        }
    },
    "feature_importances": {
        "height": 0.39414257190204366,
        "weight": 0.2287730545399706,
        "fb_friends": 0.08722975381123131,
        "self_intro": 0.0857634123586361,
        "iq": 0.06972227717392773,
        "yt": 0.050019368772598057,
        "star_sign": 0.045593760333556915,
        "sleepiness": 0.025761010001592064,
        "phone_os": 0.012994791106443526
    },
    "cv_mean_accuracy": 0.869964349376114,
    "cv_std_accuracy": 0.04770968966979485,
    "cv_mean_f1_macro": 0.8209688668403985
}