{
    "run_id": "run_20260320_101136",
    "timestamp": "2026-03-20T10:11:36.245001",
    "test_accuracy": 0.9058823529411765,
    "classification_report": {
        "1": {
            "precision": 0.9365079365079365,
            "recall": 0.9365079365079365,
            "f1-score": 0.9365079365079365,
            "support": 63.0
        },
        "2": {
            "precision": 0.8181818181818182,
            "recall": 0.8181818181818182,
            "f1-score": 0.8181818181818182,
            "support": 22.0
        },
        "accuracy": 0.9058823529411765,
        "macro avg": {
            "precision": 0.8773448773448773,
            "recall": 0.8773448773448773,
            "f1-score": 0.8773448773448773,
            "support": 85.0
        },
        "weighted avg": {
            "precision": 0.9058823529411765,
            "recall": 0.9058823529411765,
            "f1-score": 0.9058823529411765,
            "support": 85.0
        }
    },
    "feature_importances": {
        "height": 0.3505903420012285,
        "weight": 0.21248187809304575,
        "fb_friends": 0.10152675078186252,
        "self_intro": 0.08868861326343969,
        "yt": 0.07352299393772392,
        "iq": 0.07210014619981378,
        "star_sign": 0.054816487877124564,
        "sleepiness": 0.0295123898351241,
        "phone_os": 0.016760398010637147
    },
    "cv_mean_accuracy": 0.8727392449517121,
    "cv_std_accuracy": 0.029039352050264106,
    "cv_mean_f1_macro": 0.8142685914409216
}