{
    "run_id": "run_20260323_150236",
    "timestamp": "2026-03-23T15:02:36.497354",
    "test_accuracy": 0.8470588235294118,
    "classification_report": {
        "0": {
            "precision": 0.9464285714285714,
            "recall": 0.8412698412698413,
            "f1-score": 0.8907563025210085,
            "support": 63.0
        },
        "1": {
            "precision": 0.6551724137931034,
            "recall": 0.8636363636363636,
            "f1-score": 0.7450980392156863,
            "support": 22.0
        },
        "accuracy": 0.8470588235294118,
        "macro avg": {
            "precision": 0.8008004926108374,
            "recall": 0.8524531024531025,
            "f1-score": 0.8179271708683473,
            "support": 85.0
        },
        "weighted avg": {
            "precision": 0.8710446247464503,
            "recall": 0.8470588235294118,
            "f1-score": 0.8530565167243369,
            "support": 85.0
        }
    },
    "feature_importances": {
        "height": 0.2744976580142975,
        "bmi": 0.13590861856937408,
        "weight": 0.13417869806289673,
        "yt": 0.08270759135484695,
        "iq": 0.07297829538583755,
        "self_intro": 0.0717523917555809,
        "fb_friends": 0.06226113811135292,
        "height_weight_ratio": 0.0574583075940609,
        "star_sign": 0.05496431514620781,
        "sleepiness": 0.05329298600554466
    },
    "cv_mean_accuracy": 0.8492869875222816,
    "cv_std_accuracy": 0.04998474606937456,
    "cv_mean_f1_macro": 0.8045469463853069
}