{
    "run_id": "run_20260320_110141",
    "timestamp": "2026-03-20T11:01:41.551912",
    "test_accuracy": 0.8823529411764706,
    "classification_report": {
        "1": {
            "precision": 0.9206349206349206,
            "recall": 0.9206349206349206,
            "f1-score": 0.9206349206349206,
            "support": 63.0
        },
        "2": {
            "precision": 0.7727272727272727,
            "recall": 0.7727272727272727,
            "f1-score": 0.7727272727272727,
            "support": 22.0
        },
        "accuracy": 0.8823529411764706,
        "macro avg": {
            "precision": 0.8466810966810967,
            "recall": 0.8466810966810967,
            "f1-score": 0.8466810966810967,
            "support": 85.0
        },
        "weighted avg": {
            "precision": 0.8823529411764706,
            "recall": 0.8823529411764706,
            "f1-score": 0.8823529411764706,
            "support": 85.0
        }
    },
    "feature_importances": {
        "height": 0.47050237476851914,
        "weight": 0.17953831168761228,
        "self_intro": 0.10380774461930672,
        "fb_friends": 0.08549877456410972,
        "iq": 0.06482434384572416,
        "yt": 0.047844073252070275,
        "star_sign": 0.0315060320944206,
        "sleepiness": 0.01243062540624849,
        "phone_os": 0.004047719761988625
    },
    "cv_mean_accuracy": 0.855169340463458,
    "cv_std_accuracy": 0.04797832631124714,
    "cv_mean_f1_macro": 0.7979830596129676
}