{
    "run_id": "run_20260320_111843",
    "timestamp": "2026-03-20T11:18:43.508937",
    "test_accuracy": 0.8705882352941177,
    "classification_report": {
        "0": {
            "precision": 0.8939393939393939,
            "recall": 0.9365079365079365,
            "f1-score": 0.9147286821705426,
            "support": 63.0
        },
        "1": {
            "precision": 0.7894736842105263,
            "recall": 0.6818181818181818,
            "f1-score": 0.7317073170731707,
            "support": 22.0
        },
        "accuracy": 0.8705882352941177,
        "macro avg": {
            "precision": 0.8417065390749601,
            "recall": 0.8091630591630592,
            "f1-score": 0.8232179996218567,
            "support": 85.0
        },
        "weighted avg": {
            "precision": 0.8669012102448636,
            "recall": 0.8705882352941177,
            "f1-score": 0.8673584464982816,
            "support": 85.0
        }
    },
    "feature_importances": {
        "height": 0.30805113911628723,
        "weight": 0.16502909362316132,
        "yt": 0.0832754522562027,
        "iq": 0.08300221711397171,
        "sleepiness": 0.0746539980173111,
        "fb_friends": 0.07419236749410629,
        "phone_os": 0.0713292807340622,
        "star_sign": 0.07086622714996338,
        "self_intro": 0.06960023939609528
    },
    "cv_mean_accuracy": 0.8611408199643493,
    "cv_std_accuracy": 0.04121811908565377,
    "cv_mean_f1_macro": 0.8033725410015643
}