{
    "run_id": "run_20260323_150652",
    "timestamp": "2026-03-23T15:06:53.076282",
    "test_accuracy": 0.9058823529411765,
    "classification_report": {
        "0": {
            "precision": 0.9365079365079365,
            "recall": 0.9365079365079365,
            "f1-score": 0.9365079365079365,
            "support": 63.0
        },
        "1": {
            "precision": 0.8181818181818182,
            "recall": 0.8181818181818182,
            "f1-score": 0.8181818181818182,
            "support": 22.0
        },
        "accuracy": 0.9058823529411765,
        "macro avg": {
            "precision": 0.8773448773448773,
            "recall": 0.8773448773448773,
            "f1-score": 0.8773448773448773,
            "support": 85.0
        },
        "weighted avg": {
            "precision": 0.9058823529411765,
            "recall": 0.9058823529411765,
            "f1-score": 0.9058823529411765,
            "support": 85.0
        }
    },
    "feature_importances": {
        "height": 0.36944146840120384,
        "weight": 0.14659590456558602,
        "height_weight_ratio": 0.10304986382600864,
        "bmi": 0.07651705378371576,
        "self_intro": 0.07423550173941869,
        "fb_friends": 0.06714658158417762,
        "iq": 0.05899815424733441,
        "yt": 0.0400242236635171,
        "star_sign": 0.03749944863162428,
        "sleepiness": 0.017091346568877296,
        "phone_os": 0.00940045298853638
    },
    "cv_mean_accuracy": 0.8523172905525846,
    "cv_std_accuracy": 0.04891424424334939,
    "cv_mean_f1_macro": 0.7968528891579533
}