{
    "run_id": "run_20260320_101345",
    "timestamp": "2026-03-20T10:13:45.411071",
    "test_accuracy": 0.8588235294117647,
    "classification_report": {
        "1": {
            "precision": 0.8805970149253731,
            "recall": 0.9365079365079365,
            "f1-score": 0.9076923076923077,
            "support": 63.0
        },
        "2": {
            "precision": 0.7777777777777778,
            "recall": 0.6363636363636364,
            "f1-score": 0.7,
            "support": 22.0
        },
        "accuracy": 0.8588235294117647,
        "macro avg": {
            "precision": 0.8291873963515755,
            "recall": 0.7864357864357865,
            "f1-score": 0.8038461538461539,
            "support": 85.0
        },
        "weighted avg": {
            "precision": 0.8539849770754072,
            "recall": 0.8588235294117647,
            "f1-score": 0.8539366515837103,
            "support": 85.0
        }
    },
    "feature_importances": {
        "height": 0.34936219929573503,
        "weight": 0.20685824335717284,
        "fb_friends": 0.10217757989137757,
        "self_intro": 0.09014664925313956,
        "iq": 0.07528077893493969,
        "yt": 0.07289837990733096,
        "star_sign": 0.05607032673516289,
        "sleepiness": 0.03056144911106637,
        "phone_os": 0.016644393514075113
    },
    "cv_mean_accuracy": 0.8788770053475936,
    "cv_std_accuracy": 0.03793578599304299,
    "cv_mean_f1_macro": 0.819943190098018
}