{
    "run_id": "run_20260323_145829",
    "timestamp": "2026-03-23T14:58:29.600784",
    "test_accuracy": 0.8470588235294118,
    "classification_report": {
        "0": {
            "precision": 0.9464285714285714,
            "recall": 0.8412698412698413,
            "f1-score": 0.8907563025210085,
            "support": 63.0
        },
        "1": {
            "precision": 0.6551724137931034,
            "recall": 0.8636363636363636,
            "f1-score": 0.7450980392156863,
            "support": 22.0
        },
        "accuracy": 0.8470588235294118,
        "macro avg": {
            "precision": 0.8008004926108374,
            "recall": 0.8524531024531025,
            "f1-score": 0.8179271708683473,
            "support": 85.0
        },
        "weighted avg": {
            "precision": 0.8710446247464503,
            "recall": 0.8470588235294118,
            "f1-score": 0.8530565167243369,
            "support": 85.0
        }
    },
    "feature_importances": {},
    "cv_mean_accuracy": 0.8462566844919787,
    "cv_std_accuracy": 0.045111159695832695,
    "cv_mean_f1_macro": 0.8014851234478451
}